id,source
"112470000269394","/images/maps/poland/2007pl92105s.jpg"
"112470000268644","/images/maps/hungary/2007hu91302p.jpg"
"112470000268596","/images/maps/hungary/2007hu91301s.jpg"
"112470000006745","/images/maps/priority_projects/pp01.png"
"112470000007113","/images/maps/priority_projects/pp02.png"
"112470000007157","/images/maps/priority_projects/pp03.png"
"112470000007230","/images/maps/priority_projects/pp04.png"
"112470000007248","/images/maps/priority_projects/pp05.png"
"112470000007282","/images/maps/priority_projects/pp06.png"
"112470000007366","/images/maps/priority_projects/pp07.png"
"112470000007425","/images/maps/priority_projects/pp08_rail.png"
"112470000273820","/images/maps/priority_projects/pp08_road.png"
"112470000007515","/images/maps/priority_projects/pp09.png"
"112470000007544","/images/maps/priority_projects/pp10.png"
"112470000007575","/images/maps/priority_projects/pp11_rail.png"
"112470000273823","/images/maps/priority_projects/pp11_road.png"
"112470000007598","/images/maps/priority_projects/pp12_rail.png"
"112470000273825","/images/maps/priority_projects/pp12_road.png"
"112470000007632","/images/maps/priority_projects/pp13.png"
"112470000007636","/images/maps/priority_projects/pp14.png"
"112470000007662","/images/maps/priority_projects/pp_15.jpg"
"112470000007681","/images/maps/priority_projects/pp16.png"
"112470000002386","/images/maps/priority_projects/pp17.png"
"112470000007831","/images/maps/priority_projects/pp18.png"
"112470000007855","/images/maps/priority_projects/pp19.png"
"112470000007873","/images/maps/priority_projects/pp20.png"
"112470000007915","/images/maps/priority_projects/pp21.png"
"112470000007951","/images/maps/priority_projects/pp22.png"
"112470000008001","/images/maps/priority_projects/pp23.png"
"112470000008059","/images/maps/priority_projects/pp24.png"
"112470000008121","/images/maps/priority_projects/pp25.png"
"112470000008141","/images/maps/priority_projects/pp26_rail.png"
"112470000273827","/images/maps/priority_projects/pp26_road.png"
"112470000008201","/images/maps/priority_projects/pp27.png"
"112470000008266","/images/maps/priority_projects/pp28.png"
"112470000008305","/images/maps/priority_projects/pp29.png"
"112470000008335","/images/maps/priority_projects/pp30.png"
"112470000002072","/images/maps/pp17/2007at17040p.jpg"
"112470000002149","/images/maps/pp17/2007at17170p.jpg"
"112470000002175","/images/maps/pp17/2007de17010p.jpg"
"112470000002197","/images/maps/pp17/2007de17020p.jpg"
"112470000002218","/images/maps/pp17/2007de17200p.jpg"
"112470000002239","/images/maps/pp17/2007de17220p.jpg"
"112470000002260","/images/maps/pp17/2007de24060p.jpg"
"112470000002517","/images/maps/austria/2005at90103p.jpg"
"112470000002543","/images/maps/pp17/2006fr401cs.jpg"
"112470000002564","/images/maps/germany/2007de60320p_a.jpg"
"112470000265844","/images/maps/multi_country/2007eu30010p.jpg"
"112470000265410","/images/maps/france/2007fr91207s.jpg"
"112470000005661","/images/maps/bulgaria/2007bg90303s.jpg"
"112470000005694","/images/maps/cyprus/2007cy90402s.jpg"
"112470000005808","/images/maps/cyprus/2007cy90403s.jpg"
"112470000005872","/images/maps/denmark/2007dk20060s.jpg"
"112470000006022","/images/maps/denmark/2007dk20070s.jpg"
"112470000006088","/images/maps/denmark/2007dk90702s.jpg"
"112470000006429","/images/maps/france/2007fr03010p.jpg"
"112470000006687","/images/maps/france/2007fr03120p.jpg"
"112470000007071","/images/maps/france/2007fr03130s.jpg"
"112470000007324","/images/maps/france/2007fr17210p.jpg"
"112470000007716","/images/maps/france/2007fr24070p.jpg"
"112470000007900","/images/maps/france/2007fr91201s.jpg"
"112470000008289","/images/maps/germany/2007de90602p.jpg"
"112470000008463","/images/maps/italy/2007it91502p.jpg"
"112470000008720","/images/maps/multi_country/2007eu03040p.jpg"
"112470000009188","/images/maps/multi_country/2007eu03080p.jpg"
"112470000009399","/images/maps/multi_country/2007eu03110p.jpg"
"112470000009692","/images/maps/multi_country/2007eu06010p.jpg"
"112470000009824","/images/maps/multi_country/2007eu16010s.jpg"
"112470000009984","/images/maps/multi_country/2007eu20050p.jpg"
"112470000010150","/images/maps/portugal/2007pt03030p.jpg"
"112470000010385","/images/maps/spain/2007es19060p.jpg"
"112470000010455","/images/maps/spain/2007es03050p.jpg"
"112470000010543","/images/maps/spain/2007es03070p.jpg"
"112470000010623","/images/maps/spain/2007es03140p.jpg"
"112470000010770","/images/maps/spain/2007es91008p.jpg"
"112470000010875","/images/maps/spain/2007es03150p.jpg"
"112470000259037","/images/maps/slovenia/2007si60460s.jpg"
"112470000258959","/images/maps/lithuania/2007lt91601p.jpg"
"112470000258887","/images/maps/lithuania/2007lt27040s.jpg"
"112470000203359","/images/maps/austria/2007at60450p.jpg"
"112470000258823","/images/maps/lithuania/2007lt27030p.jpg"
"112470000241104","/images/maps/italy/2006it90903p.jpg"
"112470000243306","/images/maps/italy/2006it90906s.jpg"
"112470000258715","/images/maps/hungary/2007hu06100s.jpg"
"112470000243365","/images/maps/latvia/2007lv91802s.jpg"
"112470000244464","/images/maps/germany/2005de90308s.jpg"
"112470000244548","/images/maps/poland/2005pl92606s.jpg"
"112470000244807","/images/maps/germany/2006de3005ap.jpg"
"112470000244623","/images/maps/slovakia/2005sk92802s.jpg"
"112470000244931","/images/maps/germany/2006depp402b.jpg"
"112470000245001","/images/maps/multi_country/2006eu93001s.jpg"
"112470000245060","/images/maps/sweden/2006se91401s.jpg"
"112470000249504","/images/maps/austria/2007at18020p.jpg"
"112470000249569","/images/maps/germany/2008de91003s.jpg"
"112470000249623","/images/maps/belgium/2007be18040p.jpg"
"112470000249859","/images/maps/belgium/2007be18070p.jpg"
"112470000249952","/images/maps/czech_republic/2007cz60010p.jpg"
"112470000249992","/images/maps/sweden/2007se92404p.jpg"
"112470000250016","/images/maps/czech_republic/2007cz60020p.jpg"
"112470000250096","/images/maps/germany/2007de18030p.jpg"
"112470000250246","/images/maps/germany/2007de18050s.jpg"
"112470000250339","/images/maps/germany/2007de24030s.jpg"
"112470000250391","/images/maps/the_netherlands/2007nl60380p.jpg"
"112470000250489","/images/maps/germany/2007de24040p.jpg"
"112470000250588","/images/maps/the_netherlands/2007nl60310p.jpg"
"112470000250672","/images/maps/the_netherlands/2007nl60160p.jpg"
"112470000250714","/images/maps/italy/2007it91507p.jpg"
"112470000258667","/images/maps/multi_country/2007eu91203p.jpg"
"112470000250846","/images/maps/malta/2007mt91901p.jpg"
"112470000258619","/images/maps/multi_country/2007eu22070s.jpg"
"112470000250948","/images/maps/the_netherlands/2007nl60060p.jpg"
"112470000251032","/images/maps/germany/2007de60080p.jpg"
"112470000251051","/images/maps/the_netherlands/2007nl18010p.jpg"
"112470000251108","/images/maps/germany/2007de60490p.jpg"
"112470000251215","/images/maps/multi_country/2007eu06030s.jpg"
"112470000251308","/images/maps/multi_country/2007eu24090s.jpg"
"112470000251347","/images/maps/italy/2007it91503p.jpg"
"112470000251395","/images/maps/multi_country/sesar.jpg"
"112470000251422","/images/maps/italy/2007it60360p.jpg"
"112470000251557","/images/maps/multi_country/2007eu60040p.jpg"
"112470000251612","/images/maps/italy/2007it60030p.jpg"
"112470000251654","/images/maps/italy/2007it24010s.jpg"
"112470000251681","/images/maps/multi_country/2007eu60120p.jpg"
"112470000251788","/images/maps/hungary/2007hu18090s.jpg"
"112470000251813","/images/maps/multi_country/2007eu60400p.jpg"
"112470000251848","/images/maps/multi_country/2007eu91002p.jpg"
"112470000251901","/images/maps/multi_country/2007eu60410s.jpg"
"112470000252074","/images/maps/multi_country/2007eu60440p.jpg"
"112470000254501","/images/maps/poland/2007pl92103s.jpg"
"112470000254529","/images/maps/bulgaria/2007bg90302s.jpg"
"112470000254570","/images/maps/poland/2007pl92101s.jpg"
"112470000254618","/images/maps/czech_republic/2007cz22090s.jpg"
"112470000254653","/images/maps/latvia/2007lv91801s.jpg"
"112470000254679","/images/maps/czech_republic/2007cz23020s.jpg"
"112470000254799","/images/maps/czech_republic/2007cz90501s.jpg"
"112470000254846","/images/maps/czech_republic/2007cz90503s.jpg"
"112470000254884","/images/maps/estonia/2007ee27010s.jpg"
"112470000255616","/images/maps/estonia/2007ee27020p.jpg"
"112470000255752","/images/maps/greece/2007el07020s.jpg"
"112470000255829","/images/maps/greece/2007el07040s.jpg"
"112470000255927","/images/maps/greece/2007el29010s.jpg"
"112470000256006","/images/maps/greece/2007el29030s.jpg"
"112470000256125","/images/maps/greece/2007el90901s.jpg"
"112470000258190","/images/maps/latvia/2007lv27060p.jpg"
"112470000258228","/images/maps/latvia/2007lv27050s.jpg"
"112470000269431","/images/maps/multi_country/2006eu93016s.jpg"
"112470000269476","/images/maps/bulgaria/2007bg90304s.jpg"
"112470000269503","/images/maps/denmark/2007dk90701s.jpg"
"112470000270490","/images/maps/romania/2007ro92301s.jpg"
"112470000270547","/images/maps/germany/2007de02020p.jpg"
"112470000270666","/images/maps/multi_country/2007eu15010s.jpg"
"112470000270835","/images/maps/spain/2007es91003p.jpg"
"112470000272064","/images/maps/france/2007fr91209s.jpg"
"112470000273015","/images/maps/multi_country/2007eu19010p.jpg"
"112470000297342","/images/maps/hungary/2007hu22020s.jpg"
"112470000297411","/images/maps/multi_country/2008eu90000s.jpg"
"112470000297463","/images/maps/luxembourg/2008lu91700p.jpg"
"112470000308946","/images/maps/austria/2007at01130p.jpg"
"112470000308874","/images/maps/belgium/2007be02030p.jpg"
"112470000308826","/images/maps/belgium/2007be90203p.jpg"
"112470000309290","/images/maps/germany/2007de01050p.jpg"
"112470000309876","/images/maps/germany/2007de04020p.jpg"
"112470000310028","/images/maps/germany/2007de20010s.jpg"
"112470000314288","/images/maps/germany/2007de90604p.jpg"
"112470000314528","/images/maps/germany/2007de90610p.jpg"
"112470000314672","/images/maps/multi_country/2007eu01180p.jpg"
"112470000314804","/images/maps/finland/2007fi12010p.jpg"
"112470000314855","/images/maps/finland/2007fi12040p.jpg"
"112470000314905","/images/maps/finland/2007fi12050p.jpg"
"112470000314969","/images/maps/finland/2007fi91101p.jpg"
"112470000315049","/images/maps/ireland/2007ie26010s.jpg"
"112470000315184","/images/maps/italy/2007it01030m.jpg"
"112470000315260","/images/maps/italy/2007it06020s.jpg"
"112470000316251","/images/maps/italy/2007it91506s.jpg"
"112470000316380","/images/maps/luxembourg/2007lu28020p.jpg"
"112470000316419","/images/maps/the_netherlands/2007nl05020p.jpg"
"112470000316474","/images/maps/sweden/2007se12090p.jpg"
"112470000316524","/images/maps/sweden/2007se12100p.jpg"
"112470000316569","/images/maps/sweden/2007se92401s.jpg"
"112470000316645","/images/maps/sweden/2007se92402p.jpg"
"112470000316691","/images/maps/sweden/2007se92405p.jpg"
"112470000322357","/images/maps/sweden/2008se92600s.jpg"
"112470000322847","/images/maps/sweden/2008se92603s.jpg"
"112470000322937","/images/maps/sweden/2008se92605s.jpg"
"112470000322974","/images/maps/sweden/2008se92607p.jpg"
"112470000321878","/images/maps/finland/2008fi90800p.jpg"
"112470000321936","/images/maps/finland/2008fi90801s.jpg"
"112470000322003","/images/maps/finland/2008fi90802p.jpg"
"112470000319880","/images/maps/germany/2008de91001p.jpg"
"112470000321679","/images/maps/germany/2008de91002p.jpg"
"112470000321787","/images/maps/germany/2008de91007s.jpg"
"112470000306046","/images/maps/spain/2008es92500s.jpg"
"112470000306112","/images/maps/spain/2008es92501s.jpg"
"112470000306145","/images/maps/spain/2008es92507p.jpg"
"112470000306179","/images/maps/spain/2008es92509p.jpg"
"112470000306257","/images/maps/spain/2008es92510s.jpg"
"112470000306560","/images/maps/spain/2008es92511p.jpg"
"112470000306627","/images/maps/spain/2008es92512p.jpg"
"112470000306689","/images/maps/spain/2008es92514p.jpg"
"112470000306736","/images/maps/france/2008fr90901s.jpg"
"112470000306944","/images/maps/france/2008fr90902s.jpg"
"112470000308199","/images/maps/poland/2008pl92001s.jpg"
"112470000308780","/images/maps/belgium/2007be28050p.jpg"
"112470000312791","/images/maps/belgium/2008be90200p.jpg"
"112470000312830","/images/maps/multi_country/2008eu40001s.jpg"
"112470000312896","/images/maps/multi_country/2008eu40005s.jpg"
"112470000312990","/images/maps/multi_country/2008eu40007s.jpg"
"112470000313050","/images/maps/portugal/2008pt92100p.jpg"
"112470000314786","/images/maps/multi_country/2007eu01190s.jpg"
"112470000316844","/images/maps/united_kingdom/2007uk13010p.jpg"
"112470000320010","/images/maps/czech_republic/2008cz23466s.jpg"
"112470000320056","/images/maps/slovakia/2008sk92307s.jpg"
"112470000322056","/images/maps/italy/2008it91400p.jpg"
"112470000322200","/images/maps/italy/2008it91401p.jpg"
"112470000322275","/images/maps/italy/2008it91403s.jpg"
"112470000323017","/images/maps/united_kingdom/2008uk92700p.jpg"
"112470000323340","/images/maps/latvia/2008lv91500s.jpg"
"112470000323423","/images/maps/bulgaria/2008bg90300s.jpg"
"112470000323460","/images/maps/italy/2008it91408s.jpg"
"112470000325036","/images/maps/multi_country/2008eu21020p.jpg"
"112470000325213","/images/maps/germany/2008de91009s.jpg"
"112470000336076","/images/maps/multi_country/2008eu90001s.jpg"
"112470000336207","/images/maps/multi_country/2008eu70000p.jpg"
"112470000336536","/images/maps/multi_country/2008eu30001p.jpg"
"112470000336601","/images/maps/sweden/2008se92606p.jpg"
"112470000336668","/images/maps/the_netherlands/2008nl70000p.jpg"
"112470000339246","/images/maps/italy/2008it91409s.jpg"
"112470000340318","/images/maps/greece/2008el91100s.jpg"
"112470000340362","/images/maps/greece/2008el91102s.jpg"
"112470000340412","/images/maps/slovenia/2008si92400s.jpg"
"112470000340508","/images/maps/slovenia/2008si92401s.jpg"
"112470000346889","/images/maps/france/2008fr90906p.jpg"
"112470000350492","/images/maps/poland/2008pl92005s.jpg"
"112470000350511","/images/maps/poland/2008pl92004s.jpg"
"112470000350548","/images/maps/italy/2008it91407p.jpg"
"112470000350609","/images/maps/multi_country/2008eu21015p.jpg"
"112470000350838","/images/maps/multi_country/2007eu50010p.jpg"
"112470000350866","/images/maps/united_kingdom/2007uk92702p_copy.jpg"
"112470000350916","/images/maps/the_netherlands/2008nl70000p.jpg"
"112470000352326","/images/maps/multi_country/2008eu70000s.jpg"
"112470000353176","/images/maps/belgium/2008be30000p.jpg"
"112470000355459","/images/maps/multi_country/2008eu91901s.jpg"
"112470000370082","/images/maps/portugal/2009pt08000e.jpg"
"112470000053103","/images/maps/multi_country/2008eu21010pp.jpg"
"112470000031445","/images/maps/multi_country/2008eu40006s.jpg"
"112470000072612","/images/maps/the_netherlands/2009nl00010e.jpg"
"112470000072634","/images/maps/the_netherlands/2009nl00072e.jpg"
"112470000070762","/images/maps/sweden/2009se00011e.jpg"
"112470000070166","/images/maps/sweden/2009se12040e.jpg"
"112470000073722","/images/maps/italy/2009it40022e.jpg"
"112470000070082","/images/maps/italy/2009it06047e.jpg"
"112470000070728","/images/maps/italy/2009it00073e.jpg"
"112470000082320","/images/maps/italy/2009it01088e.jpg"
"112470000070616","/images/maps/belgium/2009be00049e.jpg"
"112470000072530","/images/maps/hungary/2009hu00018e.jpg"
"112470000070028","/images/maps/germany/2009de00023e.jpg"
"112470000072559","/images/maps/germany/2009de24070e.jpg"
"112470000073856","/images/maps/united_kingdom/2009uk00026e.jpg"
"112470000074038","/images/maps/united_kingdom/2009uk13027e.jpg"
"112470000070207","/images/maps/united_kingdom/2009uk26029e.jpg"
"112470000082125","/images/maps/latvia/2009lv00038e.jpg"
"112470000073531","/images/maps/france/2009fr17044e.jpg"
"112470000073433","/images/maps/spain/2009es08092e.jpg"
"112470001365682","/images/maps/the_netherlands/2011nl60003p.jpg"
"112470001365644","/images/maps/the_netherlands/2011nl60001p.jpg"
"112470000069903","/images/maps/austria/2009at17098e.jpg"
"112470001365608","/images/maps/germany/2011de60004p.jpg"
"112470000082551","/images/maps/italy/2009it00012e.jpg"
"112470000084647","/images/maps/austria/2009at17100e.jpg"
"112470000084777","/images/maps/austria/2009at17104e.jpg"
"112470000084961","/images/maps/cyprus/2009cy00085e.jpg"
"112470000085021","/images/maps/czech_republic/2009cz00079e.jpg"
"112470000085063","/images/maps/germany/2009de01075e.jpg"
"112470000086444","/images/maps/spain/2009es03102e.jpg"
"112470001365164","/images/maps/poland/2011pl60002p.jpg"
"112470000086814","/images/maps/spain/2009es19091e.jpg"
"112470001365117","/images/maps/poland/2011pl60001p.jpg"
"112470001365074","/images/maps/italy/2011it60002p.jpg"
"112470001365038","/images/maps/italy/2011it60001p.jpg"
"112470001365007","/images/maps/multi_country/2011eu60009s.jpg"
"112470001364959","/images/maps/multi_country/2011eu60008s.jpg"
"112470000317006","/images/maps/slovakia/2008sk92308s.jpg"
"112470001364920","/images/maps/multi_country/2011eu60006p_1.jpg"
"112470000460453","/images/maps/italy/2009it00033e.jpg"
"112470000460682","/images/maps/hungary/2009hu40043e.jpg"
"112470000460827","/images/maps/multi_country/2009eu40068e.jpg"
"112470000460911","/images/maps/multi_country/2009eu40005e.jpg"
"112470000460999","/images/maps/germany/2009de00080e.jpg"
"112470000461099","/images/maps/finland/2009fi00057e.jpg"
"112470000461254","/images/maps/portugal/2009pt03082e.jpg"
"112470000461341","/images/maps/spain/2009es00097e.jpg"
"112470001364886","/images/maps/multi_country/2011eu60005s.jpg"
"112470001364837","/images/maps/multi_country/2011eu60004p.jpg"
"112470001364713","/images/maps/belgium/2011be60003s.jpg"
"112470001364668","/images/maps/multi_country/2011eu70003p.jpg"
"112470001364621","/images/maps/multi_country/2011eu70002s.jpg"
"112470001364578","/images/maps/multi_country/2011eu70001s.jpg"
"112470001364515","/images/maps/multi_country/2011eu21010m.jpg"
"112470001364466","/images/maps/multi_country/2011eu21009m.jpg"
"112470001364363","/images/maps/multi_country/2011eu21007s.jpg"
"112470001364315","/images/maps/multi_country/2011eu21005s.jpg"
"112470001364261","/images/maps/multi_country/2011eu21004s_1.jpg"
"112470000619318","/images/maps/poland/2005pl92601s.jpg"
"112470000619458","/images/maps/poland/2005pl92604s.jpg"
"112470000619614","/images/maps/poland/2006pl92603s.jpg"
"112470000619923","/images/maps/poland/2006pl92604s.jpg"
"112470000620574","/images/maps/poland/2006pl92605s.jpg"
"112470000620641","/images/maps/poland/2006pl92607s.jpg"
"112470000620703","/images/maps/poland/2006pl92608s.jpg"
"112470001363837","/images/maps/multi_country/2011eu21002p.jpg"
"112470000780393","/images/maps/belgium/2009be90200s.jpg"
"112470000782374","/images/maps/belgium/2009be90204s.jpg"
"112470000782485","/images/maps/czech_republic/2009cz90500s.jpg"
"112470000782554","/images/maps/czech_republic/2009cz90502s.jpg"
"112470000782607","/images/maps/czech_republic/2009cz90503s.jpg"
"112470001363786","/images/maps/multi_country/2011eu21001m.jpg"
"112470000782821","/images/maps/spain/2009es92508p.jpg"
"112470000782881","/images/maps/spain/2009es92516p.jpg"
"112470000782946","/images/maps/spain/2009es92514s.jpg"
"112470001363702","/images/maps/belgium/2011be70001p.jpg"
"112470000795172","/images/maps/multi_country/2009eu90002s.jpg"
"112470000795235","/images/maps/multi_country/2009eu90003s.jpg"
"112470000795332","/images/maps/france/2009fr90900p.jpg"
"112470000795807","/images/maps/france/2009fr90905s.jpg"
"112470000795873","/images/maps/france/2009fr90909p.jpg"
"112470000795965","/images/maps/france/2009fr90910p.jpg"
"112470000796045","/images/maps/italy/2009it91408p.jpg"
"112470000796135","/images/maps/italy/2009it91405s.jpg"
"112470000802981","/images/maps/italy/2009it91404s.jpg"
"112470001338669","/images/maps/spain/2011es60002p.jpg"
"112470000803007","/images/maps/italy/2009it91407s.jpg"
"112470000803093","/images/maps/italy/2009it91406p.jpg"
"112470000815415","/images/maps/lithuania/2009lt91600s.jpg"
"112470000815700","/images/maps/poland/2009pl60151p.jpg"
"112470000815756","/images/maps/poland/2009pl92003s.jpg"
"112470000815934","/images/maps/poland/2009pl92004s.jpg"
"112470000816038","/images/maps/poland/2009pl92005s.jpg"
"112470000816233","/images/maps/portugal/2009pt92103s.jpg"
"112470000816304","/images/maps/portugal/2009pt92104s.jpg"
"112470000816360","/images/maps/portugal/2009pt92105s.jpg"
"112470000816587","/images/maps/sweden/2009se92600s.jpg"
"112470000816763","/images/maps/sweden/2009se92605p.jpg"
"112470000816824","/images/maps/slovakia/2009sk60108p.jpg"
"112470000816852","/images/maps/slovakia/2009sk92300s.jpg"
"112470000816901","/images/maps/united_kingdom/2009uk92707s.jpg"
"112470000817690","/images/maps/united_kingdom/2009uk92708s.jpg"
"112470001273553","/images/maps/multi_country/2008eu40004s.jpg"
"112470001355425","/images/maps/spain/2009es92510s.jpg"
"112470001337553","/images/maps/spain/2011es60001p.jpg"
"112470001452748","/images/maps/italy/2009it60102p.jpg"
"112470001492165","/images/maps/austria/2009at60147p.jpg"
"112470001492374","/images/maps/austria/2009at60148p.jpg"
"112470001495328","/images/maps/austria/2009at60153p.jpg"
"112470001495444","/images/maps/sweden/2009se60144p.jpg"
"112470001496413","/images/maps/slovakia/2005sk92804s.jpg"
"112470001737394","/images/maps/multi_country/2009eu21010p.jpg"
"112470001806034","/images/maps/hungary/2009hu60139p.jpg"
"112470001806134","/images/maps/czech_republic/2009cz60145p.jpg"
"112470002167830","/images/maps/multi_country/2009eu60146s.jpg"
"112470002167913","/images/maps/italy/2009it60149p.jpg"
"112470002167988","/images/maps/the_netherlands/2009nl60124p.jpg"
"112470002168050","/images/maps/portugal/2009pt60152p.jpg"
"112470002441658","/images/maps/austria/2010at91134p.jpg"
"112470002441686","/images/maps/austria/2010at91136s.jpg"
"112470002441705","/images/maps/belgium/2010be70202p.jpg"
"112470002441733","/images/maps/belgium/2010be92214p.jpg"
"112470002441757","/images/maps/germany/2010de92252p.jpg"
"112470002634094","/images/maps/czech_republic/2006cz92101s.jpg"
"112470002643618","/images/maps/germany/2009de60120p.jpg"
"112470002643760","/images/maps/multi_country/2009eu60106p.jpg"
"112470002646346","/images/maps/multi_country/2009eu60122p.jpg"
"112470002646420","/images/maps/multi_country/2009eu60126s.jpg"
"112470002646494","/images/maps/multi_country/2009eu60138p.jpg"
"112470002647563","/images/maps/france/2009fr60132p.jpg"
"112470002647636","/images/maps/the_netherlands/2009nl60123p.jpg"
"112470002647750","/images/maps/the_netherlands/2009nl60142p.jpg"
"112470002710150","/images/maps/the_netherlands/2010nl92226s.jpg"
"112470002710218","/images/maps/the_netherlands/2010nl92227s.jpg"
"112470002778951","/images/maps/multi_country/2010eu40104s.jpg"
"112470002800029","/images/maps/greece/2010el92213s.jpg"
"112470002800120","/images/maps/spain/2010es91109p.jpg"
"112470002800172","/images/maps/spain/2010es91137s.jpg"
"112470002800215","/images/maps/spain/2010es92210s.jpg"
"112470002800265","/images/maps/spain/2010es92255s.jpg"
"112470002800291","/images/maps/spain/2010es92256s.jpg"
"112470002800368","/images/maps/multi_country/2010eu21101s.jpg"
"112470002800402","/images/maps/multi_country/2010eu21102s_a.jpg"
"112470002801052","/images/maps/multi_country/2009eu50000m.jpg"
"112470002803512","/images/maps/multi_country/2010eu21105s.jpg"
"112470002803560","/images/maps/multi_country/2010eu21106s.jpg"
"112470002803594","/images/maps/multi_country/2010eu21107p.jpg"
"112470002803661","/images/maps/multi_country/2010eu21108p.jpg"
"112470002803696","/images/maps/multi_country/2010eu21109s.jpg"
"112470002803725","/images/maps/multi_country/2010eu21112s.jpg"
"112470002803757","/images/maps/multi_country/2010eu40101s.jpg"
"112470002803859","/images/maps/multi_country/2010eu40106s.jpg"
"112470002803912","/images/maps/multi_country/2010eu70201p.jpg"
"112470002803950","/images/maps/multi_country/2010eu91117p.jpg"
"112470002803995","/images/maps/multi_country/2010eu92240s.jpg"
"112470002804026","/images/maps/finland/2010fi92234p.jpg"
"112470002804054","/images/maps/finland/2010fi92239s.jpg"
"112470002804102","/images/maps/finland/2010fi93305s.jpg"
"112470002804182","/images/maps/france/2010fr70204p.jpg"
"112470002804216","/images/maps/france/2010fr91114s.jpg"
"112470002804254","/images/maps/france/2010fr91118s.jpg"
"112470002804303","/images/maps/france/2010fr92204p.jpg"
"112470002805300","/images/maps/italy/2010it70203s.jpg"
"112470002805331","/images/maps/italy/2010it91112s.jpg"
"112470002805603","/images/maps/italy/2010it91127s.jpg"
"112470002805643","/images/maps/italy/2010it92244s.jpg"
"112470002805730","/images/maps/the_netherlands/2010nl93302s.jpg"
"112470002805833","/images/maps/poland/2010pl70206p.jpg"
"112470002805944","/images/maps/poland/2010pl92245s.jpg"
"112470002806410","/images/maps/portugal/2010pt91129s.jpg"
"112470002806464","/images/maps/portugal/2010pt93306s.jpg"
"112470002806505","/images/maps/sweden/2010se92216p.jpg"
"112470002811569","/images/maps/slovenia/2010si92232s.jpg"
"112470002811600","/images/maps/slovenia/2010si92233s.jpg"
"112470002811646","/images/maps/united_kingdom/2010uk91107p.jpg"
"112470002811676","/images/maps/united_kingdom/2010uk91122s.jpg"
"112470002811699","/images/maps/united_kingdom/2010uk92219p.jpg"
"112470001149143","/images/maps/multi_country/2006eu93017s.jpg"
"112470001149042","/images/maps/portugal/2004pt91204s.jpg"
"112470003174440","/images/maps/the_netherlands/2009nl60128p.jpg"
"112470001023148","/images/maps/germany/2003de306s.jpg"
"112470003508881","/images/maps/czech_republic/2006cz92109s.jpg"
"112470001022525","/images/maps/slovenia/2006si92704s.jpg"
"112470000395654","/images/maps/sweden/2003se1408s_hr.jpg"
"112470000396417","/images/maps/poland/2005pl92602s_hr.jpg"
"112470000396459","/images/maps/poland/2005pl92605s_hr.jpg"
"112470000396487","/images/maps/spain/2007es03150p.jpg"
"112470000396516","/images/maps/multi_country/2007eu60440p_and_2007nl60310p_hd.jpg"
"112470000396554","/images/maps/france/2007fr17210p.jpg"
"112470000396575","/images/maps/belgium/2008be30000p.jpg"
"112470000396617","/images/maps/multi_country/2008eu70000s.jpg"
"112470000396647","/images/maps/sweden/2008se92606p.jpg"
"112470000396671","/images/maps/united_kingdom/2009uk13027e.jpg"
"112470000413610","/images/maps/poland/2005pl92602s_hr.jpg"
"112470000414358","/images/maps/poland/2005pl92605s_hr.jpg"
"112470000414706","/images/maps/portugal/2008pt92100p.jpg"
"112470000415262","/images/maps/cyprus/2004cy92001p.jpg"
"112470000415295","/images/maps/malta/2005mt92501p.jpg"
"112470000415334","/images/maps/lithuania/2006lt92402s.jpg"
"112470000421401","/images/maps/sweden/2003se1408s_hr.jpg"
"112470000421577","/images/maps/denmark/2004dk90403s_hr.jpg"
"112470000421669","/images/maps/belgium/2008be90200p.jpg"
"112470000421733","/images/maps/sweden/2007se92404p.jpg"
"112470000430240","/images/maps/germany/2000de304p.jpg"
"112470000430413","/images/maps/germany/2000de316p.jpg"
"112470000430516","/images/maps/germany/2006de101ap.jpg"
"112470000431520","/images/maps/germany/2006de101fp.jpg"
"112470000431642","/images/maps/germany/2006lu1020p.jpg"
"112470000432789","/images/maps/spain/2000es603s.jpg"
"112470000432948","/images/maps/italy/2004it90905s.jpg"
"112470000438743","/images/maps/czech_republic/2004cz92101p.jpg"
"112470000438784","/images/maps/france/2007fr24070p.jpg"
"112470000440838","/images/maps/czech_republic/2004cz92101p.jpg"
"112470000451352","/images/maps/greece/2005gr1015_s.jpg"
"112470000451996","/images/maps/portugal/2005pt91201s.jpg"
"112470000452146","/images/maps/greece/2006el90702s.jpg"
"112470000452240","/images/maps/greece/2006el1014as.jpg"
"112470000477057","/images/maps/slovenia/2006si92702s.jpg"
"112470000495284","/images/maps/malta/2006mt92502p.jpg"
"112470000495548","/images/maps/italy/2005it90901s.jpg"
"112470000495629","/images/maps/italy/2005it606as.jpg"
"112470000496066","/images/maps/hungary/2006hu92204s.jpg"
"112470000496249","/images/maps/greece/2006el90701s.jpg"
"112470001022376","/images/maps/czech_republic/2006cz92106s.jpg"
"112470000504242","/images/maps/france/2004fr603bs.jpg"
"112470000504331","/images/maps/multi_country/2005eu603as.jpg"
"112470000504394","/images/maps/2005fr90601s.jpg"
"112470000504487","/images/maps/2006fr304as.jpg"
"112470001022292","/images/maps/slovakia/2005sk92801s.jpg"
"112470000600958","/images/maps/germany/2006de90306s.jpg"
"112470000601472","/images/maps/germany/2006de1005.jpg"
"112470000602083","/images/maps/germany/2006de1004as.jpg"
"112470000602219","/images/maps/germany/2006de402p.jpg"
"112470000602319","/images/maps/the_netherlands/2005nl201dp.jpg"
"112470001022136","/images/maps/sweden/2005se91401s.jpg"
"112470000617292","/images/maps/germany/2006dedk3009s.jpg"
"112470000617448","/images/maps/germany/2006dedk3009s.jpg"
"112470000617521","/images/maps/multi_country/2006eu93013s.jpg"
"112470000656063","/maps/france/2005fr401bp.jpg"
"112470000656596","/maps/austria/2004at90103s.jpg"
"112470000656654","/maps/italy/2003it606s.jpg"
"112470000803241","/images/maps/sweden/2006se91405p.jpg"
"112470001022014","/images/maps/the_netherlands/2005nl91102s.jpg"
"112470000901150","/images/maps/slovakia/2006sk92801s.jpg"
"112470000907449","/images/maps/sweden/2003se1402.jpg"
"112470000907963","/images/maps/hungary/2004hu92202s.jpg"
"112470000908045","/images/maps/hungary/2004hu92203s.jpg"
"112470000912957","/images/maps/poland/2004pl92602s.jpg"
"112470000913301","/images/maps/poland/2004pl92610s.jpg"
"112470000914953","/images/maps/slovenia/2004si92701s.jpg"
"112470000915091","/images/maps/slovakia/2004sk92804s.jpg"
"112470000915221","/images/maps/hungary/2005hu92203s.jpg"
"112470000939546","/images/maps/latvia/2005lv92301s.jpg"
"112470000939828","/images/maps/poland/2005pl92603s.jpg"
"112470000944746","/images/maps/slovakia/2005sk92803s.jpg"
"112470000945673","/images/maps/slovenia/2006si92703s.jpg"
"112470000946185","/images/maps/slovenia/2006si92701.jpg"
"112470000947452","/images/maps/poland/2006pl92606s.jpg"
"112470000947600","/images/maps/lithuania/2006lt92401s.jpg"
"112470000947754","/images/maps/hungary/2006hu92202s.jpg"
"112470001021905","/images/maps/czech_republic/2005cz92104s.jpg"
"112470000948300","/images/maps/hungary/2006hu92201s.jpg"
"112470000969251","/images/maps/poland/2004pl92601s.jpg"
"112470002307896","/images/maps/france/2009fr90900p.jpg"
"112470002308066","/images/maps/belgium/2007be02030p.jpg"
"112470002399782","/images/maps/multi_country/2010eu21102s.jpg"
"112470002682222","/images/maps/austria/2011at91124s.jpg"
"112470002682310","/images/maps/austria/2011at91153p.jpg"
"112470002682367","/images/maps/austria/2011at93051p.jpg"
"112470002682423","/images/maps/austria/2011at93059p.jpg"
"112470002682463","/images/maps/austria/2011at93108p.jpg"
"112470002682520","/images/maps/belgium/2011be91083s.jpg"
"112470002682586","/images/maps/belgium/2011be93067p.jpg"
"112470002682613","/images/maps/belgium/2011be93072p.jpg"
"112470002682662","/images/maps/belgium/2011be93073s.jpg"
"112470002682750","/images/maps/belgium/2011be93077p.jpg"
"112470002682844","/images/maps/belgium/2011be93105p.jpg"
"112470002682898","/images/maps/czech_republic/2011cz94064s.jpg"
"112470002684705","/images/maps/germany/2011de93033p.jpg"
"112470002684773","/images/maps/germany/2011de93115s.jpg"
"112470002696338","/images/maps/denmark/2011dk93109s.jpg"
"112470002696696","/images/maps/denmark/2011dk93122s.jpg"
"112470002696733","/images/maps/greece/2011el93020s.jpg"
"112470002696878","/images/maps/spain/2011es92136s.jpg"
"112470002696922","/images/maps/spain/2011es92138s.jpg"
"112470002696962","/images/maps/spain/2011es93091p.jpg"
"112470002697012","/images/maps/spain/2011es93094p.jpg"
"112470002697064","/images/maps/spain/2011es93101p.jpg"
"112470002697127","/images/maps/spain/2011es93104p.jpg"
"112470002697184","/images/maps/spain/2011es93137p.jpg"
"112470002697219","/images/maps/spain/2011es94123s.jpg"
"112470002697321","/images/maps/multi_country/2011eu92079s.jpg"
"112470002697380","/images/maps/multi_country/2011eu92130s.jpg"
"112470002697420","/images/maps/multi_country/2011eu92145s.jpg"
"112470002697463","/images/maps/multi_country/2011eu92151s.jpg"
"112470002697496","/images/maps/multi_country/2011eu93005s.jpg"
"112470002697533","/images/maps/multi_country/2011eu93076s.jpg"
"112470002697570","/images/maps/multi_country/2011eu93129p.jpg"
"112470002697663","/images/maps/multi_country/2011eu95011s.jpg"
"112470002697724","/images/maps/multi_country/2011eu95029s.jpg"
"112470002697871","/images/maps/multi_country/2011eu95088s.jpg"
"112470002697906","/images/maps/multi_country/2011eu95090s.jpg"
"112470002697941","/images/maps/multi_country/2011eu95093s.jpg"
"112470002697972","/images/maps/multi_country/2011eu95107s.jpg"
"112470002701654","/images/maps/finland/2011fi93118p.jpg"
"112470002701687","/images/maps/finland/2011fi93125s.jpg"
"112470002701772","/images/maps/france/2011fr91070s.jpg"
"112470002701832","/images/maps/france/2011fr91084s_b.jpg"
"112470002701915","/images/maps/france/2011fr92026s.jpg"
"112470002702002","/images/maps/france/2011fr93025s.jpg"
"112470002702164","/images/maps/france/2011fr93047s.jpg"
"112470002702219","/images/maps/france/2011fr93054s.jpg"
"112470002702695","/images/maps/france/2011fr94036s.jpg"
"112470002702848","/images/maps/italy/2011it93095p.jpg"
"112470002702898","/images/maps/italy/2011it93096p.jpg"
"112470002702947","/images/maps/italy/2011it93097p.jpg"
"112470002702986","/images/maps/italy/2011it93098p.jpg"
"112470002703027","/images/maps/italy/2011it94006s.jpg"
"112470002703062","/images/maps/italy/2011it94030s.jpg"
"112470002704856","/images/maps/latvia/2011lv93133s.jpg"
"112470002704893","/images/maps/the_netherlands/2011nl91116p.jpg"
"112470002704935","/images/maps/the_netherlands/2011nl93022s.jpg"
"112470002704976","/images/maps/the_netherlands/2011nl93042p.jpg"
"112470002705028","/images/maps/the_netherlands/2011nl93112s.jpg"
"112470002705076","/images/maps/the_netherlands/2011nl94111s.jpg"
"112470002705221","/images/maps/poland/2011pl93141s.jpg"
"112470002705686","/images/maps/romania/2011ro91018s.jpg"
"112470002705732","/images/maps/sweden/2011se92148p.jpg"
"112470002705777","/images/maps/sweden/2011se93035s.jpg"
"112470002705823","/images/maps/sweden/2011se93045p.jpg"
"112470002706945","/images/maps/sweden/2011se93049s.jpg"
"112470002706996","/images/maps/sweden/2011se93090s.jpg"
"112470002707063","/images/maps/sweden/2011se93119s.jpg"
"112470002707106","/images/maps/united_kingdom/2011uk91055p.jpg"
"112470002707144","/images/maps/united_kingdom/2011uk93016s.jpg"
"112470002707191","/images/maps/united_kingdom/2011uk93021p.jpg"
"112470002707281","/images/maps/united_kingdom/2011uk93069p.jpg"
"112470003380685","/images/maps/austria/2009at17098e.jpg"
"112470003527758","/images/maps/austria/2009at17104e.jpg"
"112470003689703","/images/maps/italy/2007it91503p.jpg"
"112470005598998","/images/maps/hungary/2009hu40043e.jpg"
"112470006543145","/images/maps/spain/2012-es-08113-p.jpg"
"112470006544791","/images/maps/spain/2012-es-19031-s.jpg"
"112470006544912","/images/maps/spain/2012-es-19041-p.jpg"
"112470006544961","/images/maps/multi_country/2012-eu-13066-s.jpg"
"112470006545059","/images/maps/multi_country/2012-eu-21021-s.jpg"
"112470006545152","/images/maps/multi_country/2012-eu-21010-s.jpg"
"112470006562248","/images/maps/multi_country/2012-eu-21023-s.jpg"
"112470006562429","/images/maps/multi_country/2012-eu-60020-p.jpg"
"112470006562493","/images/maps/italy/2012-it-24116-p.jpg"
"112470006562644","/images/maps/italy/2012-it-60009-p.jpg"
"112470006562737","/images/maps/italy/2012-it-60018-p.jpg"
"112470006571908","/images/maps/multi_country/2012-eu-40003-s.jpg"
"112470006572078","/images/maps/multi_country/2012-eu-40004-p.jpg"
"112470006572820","/images/maps/belgium/2012be60027p.jpg"
"112470006573019","/images/maps/germany/2012-de-60013-p.jpg"
"112470006573221","/images/maps/germany/2012-de-60014-p.jpg"
"112470006573614","/images/maps/germany/2012-de-60025-p.jpg"
"112470006578715","/images/maps/denmark/2012-dk-60002-p.jpg"
"112470006578836","/images/maps/multi_country/2012-eu-60022-s.jpg"
"112470006579067","/images/maps/multi_country/2012-eu-60033-p.jpg"
"112470006579177","/images/maps/italy/2012-it-60012-p.jpg"
"112470006579337","/images/maps/the_netherlands/2012-nl-60005-p.jpg"
"112470006579449","/images/maps/the_netherlands/2012nl60006p.jpg"
"112470006579510","/images/maps/sweden/2012-se-60028-s.jpg"
"112470006579566","/images/maps/multi_country/2012-eu-50005-s.jpg"
"112470006579911","/images/maps/multi_country/2012-eu-50009-s.jpg"
"112470006580013","/images/maps/multi_country/2012-eu-21003-p.jpg"
"112470006580084","/images/maps/multi_country/2012-eu-21006-s.jpg"
"112470006580565","/images/maps/multi_country/2012-eu-21007-s.jpg"
"112470006580619","/images/maps/multi_country/2012-eu-21008-s.jpg"
"112470006580660","/images/maps/multi_country/2012-eu-21009-p.jpg"
"112470006597673","/images/maps/multi_country/2012-eu-21011-p.jpg"
"112470006597853","/images/maps/multi_country/2012-eu-21013-s.jpg"
"112470006597970","/images/maps/multi_country/2012-eu-21017-s.jpg"
"112470006598382","/images/maps/multi_country/2012-eu-21019-s.jpg"
"112470006598462","/images/maps/multi_country/2012-eu-21020-s.jpg"
"112470006598603","/images/maps/belgium/2012be70001p.jpg"
"112470006598741","/images/maps/multi_country/2012-eu-70002-p.jpg"
"112470006598857","/images/maps/multi_country/2012-eu-70004-s.jpg"
"112470006598947","/images/maps/france/2012-fr-70003-s.jpg"
"112470006600166","/images/maps/austria/2012-at-17002-p.jpg"
"112470006600334","/images/maps/austria/2012-at-17003-p.jpg"
"112470006600444","/images/maps/belgium/2012be28105p.jpg"
"112470006600651","/images/maps/czech_republic/2012-cz-22117-p.jpg"
"112470006600731","/images/maps/germany/2012-de-17022-s.jpg"
"112470006600842","/images/maps/germany/2012-de-20012-s.jpg"
"112470006600966","/images/maps/denmark/2012-dk-20010-s.jpg"
"112470006601072","/images/maps/denmark/2012-dk-20013-s.jpg"
"112470006601172","/images/maps/estonia/2012-ee-27001-s.jpg"
"112470006601283","/images/maps/spain/2012-es-03040-s.jpg"
"112470006601394","/images/maps/spain/2012-es-16096-p.jpg"
"112470006601481","/images/maps/greece/2012-el-22023-s.jpg"
"112470006601635","/images/maps/multi_country/2012-eu-01092-s.jpg"
"112470006601717","/images/maps/multi_country/2012-eu-01098-s.jpg"
"112470006608617","/images/maps/multi_country/2012-eu-18067-s.jpg"
"112470006610801","/images/maps/multi_country/2012-eu-18089-s.jpg"
"112470006610869","/images/maps/france/2012-fr-03054-s.jpg"
"112470006610965","/images/maps/france/2012-fr-24053-s.jpg"
"112470006611178","/images/maps/ireland/2012-ie-26043-s.jpg"
"112470006611400","/images/maps/italy/2012-it-06072-p.jpg"
"112470006611505","/images/maps/italy/2012-it-24071-p.jpg"
"112470006611696","/images/maps/luxembourg/2012-lu-28025-s.jpg"
"112470006611803","/images/maps/latvia/2012-lv-27120-s.jpg"
"112470006611898","/images/maps/sweden/2012-se-12033-s.jpg"
"112470006611961","/images/maps/sweden/2012-se-12048-p.jpg"
"112470006612030","/images/maps/sweden/2012-se-12069-p.jpg"
"112470006616647","/images/maps/slovenia/2012-si-06083-s.jpg"
"112470006616712","/images/maps/slovenia/2012-si-06086-s.jpg"
"112470006616763","/images/maps/united_kingdom/2012-uk-13018-p.jpg"
"112470006616822","/images/maps/united_kingdom/2012-uk-26030-p.jpg"
"112470006616923","/images/maps/united_kingdom/2012-uk-26058-p.jpg"
"112470006616984","/images/maps/united_kingdom/2012-uk-26060-p.jpg"
"112470006617075","/images/maps/united_kingdom/2012-uk-26061-s.jpg"
"112470113333072","/images/maps/spain/2011es60002p.jpg"
"112470007243125","/images/maps/italy/2012-it-91060-s.jpg"
"112470007002417","/images/maps/austria/2012-at-91099-s.jpg"
"112470007002627","/images/maps/austria/2012-at-91163-p.jpg"
"112470007002757","/images/maps/belgium/2012be91088p.jpg"
"112470007002827","/images/maps/belgium/2012be91091p.jpg"
"112470007002878","/images/maps/belgium/2012be91109s.jpg"
"112470007002946","/images/maps/belgium/2012be91125s.jpg"
"112470007003253","/images/maps/belgium/2012be91136s.jpg"
"112470007003361","/images/maps/belgium/2012be91160p.jpg"
"112470007003494","/images/maps/belgium/2012be92063s.jpg"
"112470007018149","/images/maps/cyprus/2012-cy-91158-s.jpg"
"112470007018228","/images/maps/germany/2012-de-91018-p.jpg"
"112470007018331","/images/maps/germany/2012-de-91043-p.jpg"
"112470007018874","/images/maps/germany/2012-de-91054-s.jpg"
"112470007018930","/images/maps/germany/2012-de-91083-p.jpg"
"112470007018994","/images/maps/germany/2012-de-91086-p.jpg"
"112470007019191","/images/maps/germany/2012-de-91092-p.jpg"
"112470007024265","/images/maps/germany/2012-de-91096-s.jpg"
"112470007024308","/images/maps/germany/2012-de-91113-p.jpg"
"112470007024353","/images/maps/germany/2012-de-91156-p.jpg"
"112470007024542","/images/maps/germany/2012-de-92052-s.jpg"
"112470007024851","/images/maps/germany/2012-de-94085-s.jpg"
"112470007175984","/images/maps/denmark/2012-dk-91020-p.jpg"
"112470007176035","/images/maps/denmark/2012-dk-91161-p.jpg"
"112470007176082","/images/maps/denmark/2012-dk-91165-p.jpg"
"112470007176179","/images/maps/greece/2012-el-91021-s.jpg"
"112470007176247","/images/maps/greece/2012-el-91022-s.jpg"
"112470007176662","/images/maps/greece/2012-el-91049-s.jpg"
"112470007195301","/images/maps/greece/2012-el-91061-s.jpg"
"112470007214741","/images/maps/greece/2012-el-91120-s.jpg"
"112470007214821","/images/maps/spain/2012-es-91148-s.jpg"
"112470007214981","/images/maps/spain/2012-es-91157-p.jpg"
"112470007215081","/images/maps/spain/2012-es-91171-p.jpg"
"112470007215141","/images/maps/spain/2012-es-92034-s.jpg"
"112470007215183","/images/maps/spain/2012-es-92068-s.jpg"
"112470007215268","/images/maps/spain/2012-es-91171-p.jpg"
"112470007215419","/images/maps/multi_country/2012-eu-91117-s.jpg"
"112470007215577","/images/maps/multi_country/2012-eu-91176-p.jpg"
"112470007215658","/images/maps/multi_country/2012-eu-94031-s.jpg"
"112470007216305","/images/maps/multi_country/2012-eu-94126-s.jpg"
"112470007216563","/images/maps/multi_country/2012-eu-94152-s.jpg"
"112470007225744","/images/maps/multi_country/2012-eu-94167-s.jpg"
"112470007226383","/images/maps/multi_country/2012-eu-94174-s.jpg"
"112470007226463","/images/maps/finland/2012-fi-91032-s.jpg"
"112470007226528","/images/maps/finland/2012-fi-91036-p.jpg"
"112470007241710","/images/maps/finland/2012-fi-93044-s.jpg"
"112470007242005","/images/maps/france/2012-fr-91013-p.jpg"
"112470007242178","/images/maps/france/2012-fr-91028-p.jpg"
"112470007242224","/images/maps/france/2012-fr-91046-s.jpg"
"112470007242556","/images/maps/france/2012-fr-91058-s.jpg"
"112470007242676","/images/maps/france/2012-fr-91069-p.jpg"
"112470007242747","/images/maps/france/2012-fr-91071-p.jpg"
"112470007242816","/images/maps/france/2012-fr-91090-s.jpg"
"112470007242857","/images/maps/france/2012-fr-91103-s.jpg"
"112470007242915","/images/maps/france/2012-fr-91104-p.jpg"
"112470007242987","/images/maps/france/2012-fr-94105-s.jpg"
"112470007243043","/images/maps/ireland/2012-ie-91039-s.jpg"
"112470007243165","/images/maps/italy/2012-it-91002-s.jpg"
"112470007243218","/images/maps/italy/2012-it-91009-s.jpg"
"112470007243275","/images/maps/italy/2012-it-91064-s.jpg"
"112470007249203","/images/maps/italy/2012-it-91076-s.jpg"
"112470007249293","/images/maps/italy/2012-it-91111-p.jpg"
"112470007249343","/images/maps/italy/2012-it-91116-p.jpg"
"112470007249439","/images/maps/italy/2012-it-91132-p.jpg"
"112470007249910","/images/maps/italy/2012-it-91145-p.jpg"
"112470007249957","/images/maps/italy/2012-it-93072-s.jpg"
"112470007249998","/images/maps/latvia/2012-lv-91079-s.jpg"
"112470007250116","/images/maps/the_netherlands/2012-nl-91004-s.jpg"
"112470007250237","/images/maps/the_netherlands/2012-nl-91006-s.jpg"
"112470007250499","/images/maps/the_netherlands/2012-nl-91056-s.jpg"
"112470007250582","/images/maps/the_netherlands/2012-nl-91089-p.jpg"
"112470007250651","/images/maps/the_netherlands/2012-nl-92008-s.jpg"
"112470007250692","/images/maps/the_netherlands/2012-nl-93121-s.jpg"
"112470007250732","/images/maps/poland/2012-pl-91170-s.jpg"
"112470007250787","/images/maps/sweden/2012-se-91035-p.jpg"
"112470007250852","/images/maps/sweden/2012-se-91084-p.jpg"
"112470007250923","/images/maps/sweden/2012-se-91141-s.jpg"
"112470007251041","/images/maps/sweden/2012-se-91155-s.jpg"
"112470007251148","/images/maps/slovenia/2012-si-91110-s.jpg"
"112470007251250","/images/maps/slovenia/2012-si-91138-s.jpg"
"112470007251333","/images/maps/united_kingdom/2012-uk-91128-p.jpg"
"112470007251374","/images/maps/united_kingdom/2012-uk-91140-s.jpg"
"112470007331207","/images/maps/austria/2009at60147p.jpg"
"112470007331555","/images/maps/poland/2009pl92003s.jpg"
"112470007331883","/images/maps/finland/2008fi90800p.jpg"
"112470007332104","/images/maps/spain/2009es03102e.jpg"
"112470007332244","/images/maps/multi_country/2008eu21020p.jpg"
"112470007335770","/images/maps/spain/2011es93137p.jpg"
"112470007335895","/images/maps/italy/2009it06047e.jpg"
"112470007336022","/images/maps/multi_country/2008eu30001p.jpg"
"112470007336231","/images/maps/italy/2010it92244s.jpg"
"112470007635990","/images/maps/multi_country/2012-eu-21020-s.jpg"
"112470007763751","/images/maps/austria/2012-at-18070-p.jpg"
"112470112126302","/images/maps/belgium/2013-be-40004-s.jpg"
"112470112126363","/images/maps/multi_country/2013-eu-40001-s.jpg"
"112470112126480","/images/maps/multi_country/2013-eu-40002-s.jpg"
"112470112126643","/images/maps/multi_country/2013-eu-40003-s.jpg"
"112470112126773","/images/maps/multi_country/2013-eu-40007-p.jpg"
"112470112126829","/images/maps/hungary/2013-hu-40005-p.jpg"
"112470112132537","/images/maps/belgium/2013-be-60010-p.jpg"
"112470112132582","/images/maps/belgium/2013-be-60012-p.jpg"
"112470112132667","/images/maps/belgium/2013-be-60013-p.jpg"
"112470112132852","/images/maps/denmark/2013-dk-60015-p.jpg"
"112470112132958","/images/maps/multi_country/2013-eu-60018-p.jpg"
"112470112133001","/images/maps/united_kingdom/2013uk60001p.jpg"
"112470112133065","/images/maps/luxembourg/2013-lu-60004-p.jpg"
"112470112133121","/images/maps/luxembourg/2013-lu-60009-p.jpg"
"112470112133775","/images/maps/slovenia/2013-si-60017-p.jpg"
"112470112134177","/images/maps/multi_country/2013-eu-50001-s.jpg"
"112470112134261","/images/maps/multi_country/2013-eu-50002-p.jpg"
"112470112134348","/images/maps/multi_country/2013-eu-50003-p.jpg"
"112470112134421","/images/maps/multi_country/2013-eu-50004-p.jpg"
"112470112134498","/images/maps/multi_country/2013-eu-50005-p.jpg"
"112470112134553","/images/maps/multi_country/2013-eu-50006-p.jpg"
"112470112134768","/images/maps/multi_country/2013-eu-21001-p.jpg"
"112470112134820","/images/maps/multi_country/2013-eu-21003-s.jpg"
"112470112134902","/images/maps/multi_country/2013-eu-21004-p.jpg"
"112470112135006","/images/maps/multi_country/2013-eu-21005-p.jpg"
"112470112135077","/images/maps/multi_country/2013-eu-21006-s.jpg"
"112470112135208","/images/maps/multi_country/2013-eu-21007-s.jpg"
"112470112135334","/images/maps/multi_country/2013-eu-21009-p.jpg"
"112470112143488","/images/maps/multi_country/2012-eu-21010-s.jpg"
"112470112143700","/images/maps/multi_country/2013-eu-21012-s.jpg"
"112470112143744","/images/maps/multi_country/2013-eu-21015-p.jpg"
"112470112144022","/images/maps/multi_country/2013-eu-21016-p.jpg"
"112470112144100","/images/maps/multi_country/2013-eu-21017-s.jpg"
"112470112144157","/images/maps/multi_country/2013-eu-21018-s.jpg"
"112470112144208","/images/maps/multi_country/2013-eu-21019-s.jpg"
"112470112144295","/images/maps/austria/2013-at-17011-s.jpg"
"112470112144361","/images/maps/austria/2013-at-17012-s.jpg"
"112470112144419","/images/maps/austria/2013-at-18016-s.jpg"
"112470112144526","/images/maps/germany/2013-de-18007-s.jpg"
"112470112144588","/images/maps/denmark/2013-dk-20002-s.jpg"
"112470112144656","/images/maps/multi_country/2013-eu-22004-s.jpg"
"112470112144706","/images/maps/finland/2013-fi-12010-s.jpg"
"112470112144764","/images/maps/france/2013-fr-30014-s.jpg"
"112470112144847","/images/maps/ireland/2013-ie-26008-s.jpg"
"112470112173344","/images/maps/ireland/2013-ie-26018-s.jpg"
"112470112173448","/images/maps/italy/2013-it-06009-s.jpg"
"112470112173526","/images/maps/the_netherlands/2013-nl-24001-s.jpg"
"112470112173564","/images/maps/sweden/2013-se-12006-s.jpg"
"112470112173632","/images/maps/united_kingdom/2013-uk-14015-s.jpg"
"112470112173730","/images/maps/united_kingdom/2013-uk-26005-s.jpg"
"112470112280440","/images/maps/denmark/2013-dk-91034-s.jpg"
"112470112280551","/images/maps/france/2013-fr-91063-s.jpg"
"112470112280633","/images/maps/italy/2013-it-91061-s.jpg"
"112470112280678","/images/maps/italy/2013-it-91064-s.jpg"
"112470112280738","/images/maps/the_netherlands/2013-nl-91025-s.jpg"
"112470112280778","/images/maps/the_netherlands/2013-nl-91026-s.jpg"
"112470112280829","/images/maps/france/2013-fr-91002-s.jpg"
"112470112280894","/images/maps/france/2013-fr-91013-s.jpg"
"112470112280940","/images/maps/italy/2013-it-91033-s.jpg"
"112470112281003","/images/maps/italy/2013-it-91049-s.jpg"
"112470112281034","/images/maps/italy/2013-it-91054-s.jpg"
"112470112281071","/images/maps/sweden/2013-se-91031-s.jpg"
"112470112281118","/images/maps/united_kingdom/2013-uk-91075-s.jpg"
"112470112281197","/images/maps/spain/2013-es-91023-s.jpg"
"112470112281247","/images/maps/italy/2013-it-91021-s.jpg"
"112470112281646","/images/maps/italy/2013-it-92019-s.jpg"
"112470112281713","/images/maps/poland/2013-pl-91065-s.jpg"
"112470112281800","/images/maps/romania/2013-ro-91014-s.jpg"
"112470112281859","/images/maps/romania/2013-ro-91042-s.jpg"
"112470112281917","/images/maps/austria/2013-at-91005-s.jpg"
"112470112281966","/images/maps/multi_country/2013-eu-91053-s.jpg"
"112470112282017","/images/maps/france/2013-fr-91018-s.jpg"
"112470112282107","/images/maps/portugal/2013-pt-91039-s.jpg"
"112470112282151","/images/maps/sweden/2013-se-91030-s.jpg"
"112470112282210","/images/maps/slovenia/2013-si-91059-s.jpg"
"112470112282264","/images/maps/italy/2013-it-91027-s.jpg"
"112470112282312","/images/maps/latvia/2013-lv-91035-s.jpg"
"112470112282400","/images/maps/multi_country/2013-eu-92055-s.jpg"
"112470112282441","/images/maps/the_netherlands/2013-nl-92070-s.jpg"
"112470112282491","/images/maps/belgium/2013-be-92037-s.jpg"
"112470112282541","/images/maps/germany/2013-de-92041-s.jpg"
"112470112282586","/images/maps/germany/2013-de-92056-s.jpg"
"112470112284907","/images/maps/germany/2013-de-92079-s.jpg"
"112470112284958","/images/maps/denmark/2013-dk-92032-s.jpg"
"112470112285103","/images/maps/denmark/2013-dk-92046-s.jpg"
"112470112285164","/images/maps/denmark/2013-dk-92060-s.jpg"
"112470112285252","/images/maps/spain/2013-es-92006-s.jpg"
"112470112285341","/images/maps/multi_country/2013-eu-92020-s.jpg"
"112470112285431","/images/maps/multi_country/2013-eu-92043-s.jpg"
"112470112285486","/images/maps/multi_country/2013-eu-92045-s.jpg"
"112470112285557","/images/maps/multi_country/2013-eu-92058-s.jpg"
"112470112285617","/images/maps/multi_country/2013-eu-92069-s.jpg"
"112470112285731","/images/maps/multi_country/2013eu92077s_zzz.jpg"
"112470112285800","/images/maps/multi_country/2013-eu-92080-s.jpg"
"112470112285846","/images/maps/france/2013-fr-92008-s.jpg"
"112470112285897","/images/maps/france/2013-fr-92010-s.jpg"
"112470112285956","/images/maps/italy/2013-it-92050-s.jpg"
"112470112285993","/images/maps/the_netherlands/2013-nl-92007-s.jpg"
"112470112286040","/images/maps/the_netherlands/2013-nl-92062-s.jpg"
"112470112286096","/images/maps/portugal/2013-pt-92081-s.jpg"
"112470112286155","/images/maps/sweden/2013-se-92044-s.jpg"
"112470112286207","/images/maps/slovakia/2013-sk-92040-s.jpg"
"112470112286273","/images/maps/germany/2013-de-92024-s.jpg"
"112470112286346","/images/maps/france/2013-fr-92004-s.jpg"
"112470114896890","/images/cef_maps/energy/multicountry/1730060uksm14.jpg"
"112470114898992","/images/cef_maps/energy/multicountry/3101-0028-cy-s-m-14.jpg"
"112470114899101","/images/cef_maps/energy/cz/3111-0036-cz-s-m-14.jpg"
"112470114899775","/images/cef_maps/energy/bg/323-0063-bg-s-m-14.jpg"
"112470114900201","/images/cef_maps/energy/el/324-0013-el-s-m-14.jpg"
"112470114900527","/images/cef_maps/energy/el/371-0018-el-s-m-14.jpg"
"112470114900629","/images/cef_maps/energy/bg/371-0029-bg-s-m-14.jpg"
"112470114900770","/images/cef_maps/energy/3740031bgsm14.jpg"
"112470114900883","/images/cef_maps/energy/3810030bgsm14.jpg"
"112470114901485","/images/cef_maps/energy/lt/430002ltsm14.jpg"
"112470114924653","/images/cef_maps/energy/hr/6510037hrsm14.jpg"
"112470114924746","/images/cef_maps/energy/el/691-0021-el-s-m-14.jpg"
"112470114924893","/images/cef_maps/energy/el/692-0008-el-s-m-14.jpg"
"112470114926855","/images/cef_maps/energy/bg/742-0061-bg-s-m-14.jpg"
